hpi	rep	read_id	gene_name	gene_id	gene_type	chrom	strand	fivep_pos	bp_pos	threep_pos	bp_dist_to_threep	read_alignment	read_bp_pos	read_seq	read_bp_nt	genomic_bp_nt	genomic_bp_context	total_mapped_reads
4hpi	2	SRR1523669.9788746	ICP0	ICP0	ICP0	HSV1	-	124054	123314	123290	-24	forward	59	GGGGGGAGAGGGGGAACTCGTGGGGGCTGATTGACGCGGGAAATCCCCCCCCCCCTCTTTGTGAGGGGCCGGGCGCCATGGCTGGGGCGCCATATTGGGGC	T	A	TCTTACCCGC	28751232
4hpi	2	SRR1523669.10190286	ICP0	ICP0	ICP0	HSV1	-	124054	123314	123290	-24	forward	49	GGGGAACTCGTGGGTGCTGATTGACGCGGGAAATCCCCCCCCCATTCTTTGTGAGGGGCCGGGCGCCATGTCTGGGGCGCCATATTGGGGGGCGCCATATT	T	A	TCTTACCCGC	28751232
4hpi	2	SRR1523669.16070794	ICP0	ICP0	ICP0	HSV1	-	124054	123314	123290	-24	forward	28	TGACGCGGGAAATCCCCCCCCCATTCTTTGTGAGGGGCCGGGCGCCATGTCTGGGGCGCCATATTGGGGGGCGCCATATTGGGGGGCGCCATGTTGGGGGA	T	A	TCTTACCCGC	28751232
4hpi	2	SRR1523669.12777538	ICP0	ICP0	ICP0	HSV1	-	124054	123314	123290	-24	forward	46	GAACTCGTGGGTGCTGATTGACGCGGGAAATCCCCCCCCCATTCTTTGTGAGGGGCCGGGCGCCATGTCTGGGGCGCCATATTGGGGGGCGCCATATTGGG	T	A	TCTTACCCGC	28751232
6hpi	1	SRR1523656.21418364	ICP0	ICP0	ICP0	HSV1	-	124054	123314	123290	-24	forward	46	GAACTCGTGGGTGCTGATTGACGCGGGAAATCCCCCCCCCATTCTTAGTGAGGGGCCGGGCGCCATGTCTGGGGCGCCATATTGGGGGGCGCCATATTGGG	A	A	TCTTACCCGC	33099649
6hpi	1	SRR1523656.23491444	ICP0	ICP0	ICP0	HSV1	-	124054	123314	123290	-24	reverse	51	AATATGGCGCCCCCCAATATGGCGCCCCAGACATGGCGCCCGGCCCCTCACAAAGAATGGGGGGGGGGATTTCCCGCGTCAATCAGCACCCACGAGTTCCC	T	A	TCTTACCCGC	33099649
6hpi	1	SRR1523656.24391530	ICP0	ICP0	ICP0	HSV1	-	124054	123315	123290	-25	forward	29	ATTGACGCGGGAAATCCCCCCCCCATTCTTGTGAGGGGCCGGGCGCCATGTCTGGGGCGCCATATTGGGGGGCGCCATATTGGGGGGCGCCATGTTGGGGG	T	T	TTCTTACCCG	33099649
6hpi	1	SRR1523656.11141682	ICP0	ICP0	ICP0	HSV1	-	124054	123314	123290	-24	forward	43	CTCGTGGGTGCTGATTGACGCGGGAAATCCCCCCCCCATTCTTTGTGAGGGGCCGGGCGCCATGTCTGGGGCGCCATATTGGGGGGCGCCATATTGGGGGG	T	A	TCTTACCCGC	33099649
6hpi	1	SRR1523656.18762302	ICP0	ICP0	ICP0	HSV1	-	124054	123314	123290	-24	forward	51	GGGGGAACTCGGGGGGGCTGATTGACGCGGGAAATCCCCCCCCCCATTCTTTGTGAGGGGCCGGGCGCCATGTCTGGGGCGCGATATTGGGGGGCGCCGTA	T	A	TCTTACCCGC	33099649
6hpi	1	SRR1523656.19239281	ICP0	ICP0	ICP0	HSV1	-	124054	123314	123290	-24	forward	50	GGGGGAACTCGTGGGTGCTGATTGACGCGGGAAATCCCCCCCCCCTTCTTTGTGAGGGGCCGGGCGCCATGTCTGGGGCGCCATATTGGGGGGCGCCCTAT	T	A	TCTTACCCGC	33099649
6hpi	2	SRR1523670.28838465	ICP0	ICP0	ICP0	HSV1	-	124054	123314	123290	-24	forward	22	CGGGAAATCCCCCCCCATTCTTTGTGAGGGGCCGGGCGCCATGTCTGGGGCGCCATATTGGGGGGCGCCATATTGGGGGGCGCCATGTTGGGGGACCCCCG	T	A	TCTTACCCGC	37404916
6hpi	2	SRR1523670.6206815	ICP0	ICP0	ICP0	HSV1	-	124054	123314	123290	-24	reverse	55	TCCCAATATGGCGCCCCCCAATATGGCGCCCCAGACATGGCGCCCGGCCCCTCACAAAGAATGGGGGGGGGATTTCCCGCGTCAATCAGCACCCACGAGTT	T	A	TCTTACCCGC	37404916
6hpi	2	SRR1523670.11498337	ICP0	ICP0	ICP0	HSV1	-	124054	123314	123290	-24	reverse	55	TCCCAATATGGCGCCCCCCAATATGGCGCCCCAGACATGGCGCCCGGCCCCTCACAAAGAATGGGGGGGGGATTTCCCGCGTCAATCAGCACCCACGAGTT	T	A	TCTTACCCGC	37404916
6hpi	2	SRR1523670.1293909	ICP0	ICP0	ICP0	HSV1	-	124054	123314	123290	-24	forward	34	GCTGATTGACGCGGGAAATCCCCCCCCCATTCTTTGTGAGGGGCCGGGCGCCATGTCTGGGGCGCCATATTGGGGGGCGCCATATTGGGGGGCGCCATGTT	T	A	TCTTACCCGC	37404916
6hpi	2	SRR1523670.25722117	ICP0	ICP0	ICP0	HSV1	-	124054	123315	123290	-25	forward	30	GATTGACGCGGGAAATCCCCCCCCCATTCTTGTGAGGGGCCGGGCGCCATGTCTGGGGCGCCATATTGGGGGGCGCCATATTGGGGGGCGCCATGTTGGGG	T	T	TTCTTACCCG	37404916
6hpi	2	SRR1523670.32486843	ICP0	ICP0	ICP0	HSV1	-	124054	123314	123290	-24	forward	35	TGCTGATTGACGCGGGAAATCCCCCCCCCATTCTTTGTGAGGGGCCGGGCGCCATGTCTGGGGCGCCATATTGGGGGGCGCCATATTGGGGGGCGCCATGT	T	A	TCTTACCCGC	37404916
6hpi	2	SRR1523670.11001626	ICP0	ICP0	ICP0	HSV1	-	124054	123314	123290	-24	forward	50	GGGGGAACTCGTGGGTGCTGATTGACGCGGGAAATCCCCCCCCCATTCTTTGTGAGGGGCCGGGCGCCATGTCTGGGGCGCCATATTGGGGGGCGCCATAT	T	A	TCTTACCCGC	37404916
6hpi	2	SRR1523670.7025878	ICP0	ICP0	ICP0	HSV1	-	124054	123314	123290	-24	forward	28	TGACGCGGGAAATCCCCCCCCCATTCTTTGTGAGGGGCCGGGCGCCATGTCTGGGGCGCCATATTGGGGGGCGCCATATTGGGGGGCGCCATGTTGGGGGA	T	A	TCTTACCCGC	37404916
6hpi	2	SRR1523670.23360976	ICP0	ICP0	ICP0	HSV1	-	124054	123314	123290	-24	forward	46	GAACTCGTGGGTGCTGATTGACGCGGGAAATCCCCCCCCCATTCTTTGTGAGGGGCCGGGCGCCATGTCTGGGGCGCCATATTGGGGGGCGCCATATTGGG	T	A	TCTTACCCGC	37404916
6hpi	2	SRR1523670.26279769	ICP0	ICP0	ICP0	HSV1	-	124054	123314	123290	-24	forward	43	CTCGTGGGTGCTGATTGACGCGGGAAATCCCCCCCCCATTCTTTGTGAGGGGCCGGGCGCCATGTCTGGGGCGCCACATTGGGGGGCGCCATATTGGGGGG	T	A	TCTTACCCGC	37404916
6hpi	2	SRR1523670.4025974	ICP0	ICP0	ICP0	HSV1	-	124054	123314	123290	-24	forward	28	TGACGCGGGAAATCCCCCCCCCATTCTTTGTGAGGGGCCGGGCGCCATGTCTGGGGCGCCATATTGGGGGGCGCCATATTGGGGGGCGCCATGTTGGGGGA	T	A	TCTTACCCGC	37404916
6hpi	2	SRR1523670.10702876	ICP0	ICP0	ICP0	HSV1	-	124054	123314	123290	-24	forward	31	GATTGACGCGGGAAATCCCCCCCCCATTCTTTGTGAGGGGCCGGGCGCCATGTCTGGGGCGCCATATTGGGGGGCGCCATATCGGGGGGCGCCATGTTGGG	T	A	TCTTACCCGC	37404916
6hpi	2	SRR1523670.15412248	ICP0	ICP0	ICP0	HSV1	-	124054	123314	123290	-24	forward	49	GGGGAACTCGTGGGTGCTGATTGACGCGGGAAATCCCCCCCCCATTCTTTGTGAGGGGCCGGGCGCCATGTCTGGGGCGCCATATTGGGGGGCGCCATATT	T	A	TCTTACCCGC	37404916
6hpi	2	SRR1523670.18629805	ICP0	ICP0	ICP0	HSV1	-	124054	123314	123290	-24	forward	50	GGGGGAACTCGTGGGTGCTGATTGACGCGGGAAATCCCCCCCCCATTCTTTGTGAGGGGCCGGGCGCCATGTCTGGGGCGCCATATTGGGGGGCGCCATAT	T	A	TCTTACCCGC	37404916
8hpi	1	SRR1523657.2242003	ICP0	ICP0	ICP0	HSV1	-	124054	123314	123290	-24	forward	73	CTTTGTGAGGCGGGGGGGGGAGAGGGGGAACTCGTGGGTGCTGATTGACGCGGGAAATCCCCCCCCCATTCTTTGTGAGGGGCCGGGCGCCATGTCTGGGG	T	A	TCTTACCCGC	38149692
8hpi	1	SRR1523657.22466210	ICP0	ICP0	ICP0	HSV1	-	124054	123314	123290	-24	forward	35	TGCTGATTGACGCGGGAAATCCCCCCCCCATTCTTTGTGAGGGGCCGGGCGCCATGTCTGGGGCGCCATATTGGGGGGCGCCATATTGGGGGGCGCCATGT	T	A	TCTTACCCGC	38149692
8hpi	1	SRR1523657.30257030	ICP0	ICP0	ICP0	HSV1	-	124054	123314	123290	-24	forward	49	GGGGCACTCGTGGGTGCTGATTGACGCGGGAAATCCCCCCCCCATTCTTTGTGAGGGGCCGGGCGCCATGTCTGGGGCGCCATATTGGGGGGCGCCATATT	T	A	TCTTACCCGC	38149692
8hpi	1	SRR1523657.35488261	ICP0	ICP0	ICP0	HSV1	-	124054	123314	123290	-24	forward	59	GGGGGGAGAGGGGGAACTCGTGGGTGCTGATGGACGCGGGAAATCCCCCCCCCATTCTTTGTGAGGGGCCGGGCGCCATGTCTGGGGCGCCATATTGGGGG	T	A	TCTTACCCGC	38149692
8hpi	1	SRR1523657.35759663	ICP0	ICP0	ICP0	HSV1	-	124054	123315	123290	-25	forward	55	GGGAGAGGGGGAACTCGTGGGTGCTGATTGACGCGGGAAATCCCCCCCCCATTCTTGTGAGGGGCCGGGCGCCATGTCTGGGGCGCCATGAGATCGGAAGA	T	T	TTCTTACCCG	38149692
8hpi	1	SRR1523657.36640332	ICP0	ICP0	ICP0	HSV1	-	124054	123314	123290	-24	forward	31	GATTGACGCGGGAAATCCCCCCCCCATTCTTTGTGAGGGGCCGGGCGCCATGTCTGGGGCGCCATATTGGGGGGCGCCATATTGGGGGGCGCCATGTTGGG	T	A	TCTTACCCGC	38149692
8hpi	1	SRR1523657.8076622	ICP0	ICP0	ICP0	HSV1	-	124054	123314	123290	-24	forward	29	ATTGACGCGGGAAATCCCCCCCCATTCTTTGTGAGGGGCCGGGCGCCATGTCTGGGGCGCCATATTGGGGGGCGCCATATTGGGGGGCGCCATGTTGGGGG	T	A	TCTTACCCGC	38149692
8hpi	1	SRR1523657.838215	ICP0	ICP0	ICP0	HSV1	-	124054	123314	123290	-24	forward	34	GCTGATTGACGCGGGAAATCCCCCCCCCATTCCTTGTGAGGGGCCGGGCGCCATGTCTGGGGCGCCATATTGGGGGGCGCCATATTGGGGGGCGCCATGTT	T	A	TCTTACCCGC	38149692
8hpi	1	SRR1523657.21524802	ICP0	ICP0	ICP0	HSV1	-	124054	123315	123290	-25	forward	44	AACTCGTGGGTGCTGATTGACGCGGGAAATCCCCCCCCCATTCTTGTGAGGGGCCGGGCGCCATGTCTGGGGCGCCATCTTGGGGGGCGCCATATTGGGGG	T	T	TTCTTACCCG	38149692
8hpi	1	SRR1523657.2567607	ICP0	ICP0	ICP0	HSV1	-	124054	123314	123290	-24	forward	75	GGACTTTGTGAGGCGGGGGGGGGAGAGGGGGAACTCGTGGGTGCTGATTGACGCGGGAAATCCCCCCCCATTCTTTGTGAGGGGCCGGGCGCCATGTCTGG	T	A	TCTTACCCGC	38149692
8hpi	1	SRR1523657.29149774	ICP0	ICP0	ICP0	HSV1	-	124054	123314	123290	-24	reverse	25	CCAGACATGGCGCCCGGCCCCTCACTAAGAATGGGGGGGGATTTCCCGCGTCAATCAGCACCCACGAGTTCCCCCTCTCCCCCCCCCGCCTCACAAAGTCC	A	A	TCTTACCCGC	38149692
8hpi	1	SRR1523657.5429595	ICP0	ICP0	ICP0	HSV1	-	124054	123314	123290	-24	forward	50	GGGGGAACTCGTGGGTGCTGATTGACGCGGGAAATCCCCCCCCCATTCTTTGTGAGGGGCCGGGCGCCATGTCTGGGGCGCCATATTGGGGGGCGCCATAT	T	A	TCTTACCCGC	38149692
8hpi	1	SRR1523657.8206117	ICP0	ICP0	ICP0	HSV1	-	124054	123315	123290	-25	reverse	40	CTCCAATATGGCGCCCCAGACATGGCGCCCGGCCCCTCACAAGAATGGGGGGGGGATTTCCCGCGTCAATCAGCACCCACGAGTTCCCCCTCTCCCCCCCC	T	T	TTCTTACCCG	38149692
8hpi	1	SRR1523657.16337650	ICP0	ICP0	ICP0	HSV1	-	124054	123315	123290	-25	forward	44	AACTCGTGGGTGCTGATTGACGCGGGAAATCCCCCCCCCATTCTTGTGAGGGGCCGGGCGCCATGTCTGGGGCGCCATATTGGGGGGCGCCCTGTTGGGGG	T	T	TTCTTACCCG	38149692
8hpi	1	SRR1523657.17760417	ICP0	ICP0	ICP0	HSV1	-	124054	123314	123290	-24	forward	28	TGACGCGGGAAATCCCCCCCCCATTCTTTGTGAGGGGCCGGGCGCCATGTCTGGGGCGCCATATTGGGGGGCGCCATATTGGGGGGCGCCATGTTGGGGGA	T	A	TCTTACCCGC	38149692
8hpi	1	SRR1523657.19563578	ICP0	ICP0	ICP0	HSV1	-	124054	123315	123290	-25	reverse	40	CTCCAATATGGCGCCCCAGACATGGCGCCCGGCCCCTCACAAGAATGGGGGGGGGATTTCCCGCGTCAATCAGCACCCACGAGTTCCCCCTCTCCCCCCCC	T	T	TTCTTACCCG	38149692
8hpi	1	SRR1523657.25342708	ICP0	ICP0	ICP0	HSV1	-	124054	123315	123290	-25	forward	55	GGGAGAGGGGGAACTCGTGGGTGCTGATTGACGCGGGAAATCCCCCCCCCATTCTTGTGAGGGGCCGGGCGCCATGTCTGGGGCGCCATAAGATCGGAAGA	T	T	TTCTTACCCG	38149692
8hpi	1	SRR1523657.27435357	ICP0	ICP0	ICP0	HSV1	-	124054	123314	123290	-24	forward	54	GAGAGGGGGAACTCGTGGGTGCTGATTGACGCGGGAAATCCCCCCCCCATTCTTTGTGAGGGGCCGGGCGCCATGTCTGGGGCGCCATATTGGGAGATCGG	T	A	TCTTACCCGC	38149692
8hpi	1	SRR1523657.2912281	ICP0	ICP0	ICP0	HSV1	-	124054	123314	123290	-24	forward	49	GGGGAACTCGTGGGTGCTGATTGACGCGGGAAATCCCCCCCCCATTCTTTGTGAGGGGCCGGGCGCCATGTCTGGGGCGCCATATTGGGAGATCGGAAGAG	T	A	TCTTACCCGC	38149692
8hpi	1	SRR1523657.13482396	ICP0	ICP0	ICP0	HSV1	-	124054	123314	123290	-24	reverse	34	TATGGCGCCCCAGACATGGCGCCCGGCCCCTCACAAAGAATGGGGGGGGGATTTCCCGCGTCAATCAGCACCCACGAGTTCCCCCTCTCCCCCCCCCCCCC	T	A	TCTTACCCGC	38149692
8hpi	1	SRR1523657.15427008	ICP0	ICP0	ICP0	HSV1	-	124054	123314	123290	-24	forward	49	GGGGAACTCGTGGGTGCTGATTGACGCGGGAAATCCCCCCCCCATTCTTTGTGAGGGGCCGGGCGCCATGTCTGGGGCGCCATATTGGGGGGCGCCATATT	T	A	TCTTACCCGC	38149692
8hpi	1	SRR1523657.15573901	ICP0	ICP0	ICP0	HSV1	-	124054	123314	123290	-24	forward	49	GGGGAACTCGTGGGTGCTGATTGACGCGGGAAATCCCCCCCCCATTCTTTGTGAGGGGCCGGGCGCCATGTCTGGGGCGCCATATTGGGGGGCGCCATATT	T	A	TCTTACCCGC	38149692
8hpi	1	SRR1523657.16158331	ICP0	ICP0	ICP0	HSV1	-	124054	123314	123290	-24	forward	50	GGGGGAACTCGTGGGTGCTGATTGACGCGGGAAATCCCCCCCCCATTCTTTGTGAGGGGCCGGGCGCCATGTCTGGGGCGCCATATTGGGGGGCGCCATAT	T	A	TCTTACCCGC	38149692
8hpi	1	SRR1523657.16825525	ICP0	ICP0	ICP0	HSV1	-	124054	123314	123290	-24	forward	28	TGACGCGGGAAATCCCCCCCCCATTCTTTGTGAGGGGCCGGGCGCCATGTCTGGGGCGCCATATTGGGGGGCGCCATATTGGGGGGCGCCATGTTGGGGGA	T	A	TCTTACCCGC	38149692
8hpi	1	SRR1523657.20266770	ICP0	ICP0	ICP0	HSV1	-	124054	123314	123290	-24	forward	49	GGGGAACTCGTGGGTGCTGATTGACGCGGGAAATCCCCCCCCCATTCTTTGTGAGGGGCCGGGCGCCATGTCTGGGGCGCCATATTGGGGGGCGCCATATT	T	A	TCTTACCCGC	38149692
8hpi	1	SRR1523657.26981916	ICP0	ICP0	ICP0	HSV1	-	124054	123314	123290	-24	forward	35	TGCTGATTGACGCGGGAAATCCCCCCCCCATTCTTTGTGAGGGGCCGGGCGCCATGTCTGGGGCGCCATATTGGGGGGCGCCATATTGGGGGGCGCCATGT	T	A	TCTTACCCGC	38149692
8hpi	1	SRR1523657.32992972	ICP0	ICP0	ICP0	HSV1	-	124054	123314	123290	-24	reverse	57	CCCCCCAATATGGCGCCCCCCAATATGGCGCCCCAGACATGGCGCCCGGCCCCTCACAAAGAATGGGGGGGGGATTTCCCGCGTCAATCAGCACCCACGAG	T	A	TCTTACCCGC	38149692
8hpi	1	SRR1523657.5871535	ICP0	ICP0	ICP0	HSV1	-	124054	123315	123290	-25	reverse	40	CTCCAATATGGCGCCCCAGACATGGCGCCCGGCCCCTCACAAGAATGGGGGGGGGATTTCCCGCGTCAATCAGCACCCACGAGTTCCCCCTCTCCCCCCCC	T	T	TTCTTACCCG	38149692
8hpi	1	SRR1523657.858805	ICP0	ICP0	ICP0	HSV1	-	124054	123314	123290	-24	reverse	34	TATGGCGCCCCAGACATGGCGCCCGGCCCCTCACAAAGAATGGGGGGGGGATTTCCCGCGTCAATCAGCACCCACGAGTTCCCCCTCTCCCCCCCCCCCCC	T	A	TCTTACCCGC	38149692
8hpi	2	SRR1523671.36043607	ICP0	ICP0	ICP0	HSV1	-	124054	123314	123290	-24	reverse	69	CTCAATATGGCGCCCCCCAATATGGCGCCCCCCAATATGGCGCCCCAGACATGGCGCCCGGCCCCTCACAAAGAATGGGGGGGGGATTTCCCGCGTCAATC	T	A	TCTTACCCGC	42005057
8hpi	2	SRR1523671.1931553	ICP0	ICP0	ICP0	HSV1	-	124054	123314	123290	-24	forward	60	GGGGGGGGAGAGGGGGAACTCGTGGGTGCTGATTGACGCGGGAAATCCCCCCCCATTCTTTGTGAGGGGCCGGGCGCCATGTCTGGGGCGCCATATTGGGG	T	A	TCTTACCCGC	42005057
8hpi	2	SRR1523671.22660541	ICP0	ICP0	ICP0	HSV1	-	124054	123314	123290	-24	reverse	55	CCCCAATATGGCGCCCCCCAATATGGCGCCCCAGACATGGCGCCCGGCCCCTCACAAAGAATGGGGGGGGGATTTCCCGCGTCAATCAGCACCCACGAGTT	T	A	TCTTACCCGC	42005057
8hpi	2	SRR1523671.23675878	ICP0	ICP0	ICP0	HSV1	-	124054	123314	123290	-24	forward	42	CTCGTGGGTGCTGATTGACGCGGGAAATCCCCCCCCATTCTTTGTGAGGGGCCGGGCGCCATGTCTGGGGCGCCATATTGGGGGGCGCCATATTGGGGGGC	T	A	TCTTACCCGC	42005057
8hpi	2	SRR1523671.25435686	ICP0	ICP0	ICP0	HSV1	-	124054	123314	123290	-24	forward	23	GCGGGAAATCCCCCCCCATTCTTTGTGAGGGGCCGGGCGCCATGTCTGGGGCGCCATATTGGGGGGCGCCCTATTAGGGGGCGCCATGTTGGGGGGCCCCC	T	A	TCTTACCCGC	42005057
8hpi	2	SRR1523671.25784984	ICP0	ICP0	ICP0	HSV1	-	124054	123314	123290	-24	forward	34	GCTGATTGACGCGGGAAATCCCCCCCCCATTCTTTGTGAGGGGCCGGGCGCCATGTCTGGGGCGCCATATTGGGGGGCGCCATATTGGGGGGCGCCATGTT	T	A	TCTTACCCGC	42005057
8hpi	2	SRR1523671.26123503	ICP0	ICP0	ICP0	HSV1	-	124054	123314	123290	-24	forward	41	CGTGGGTGCTGATTGACGCGGGAAATCCCCCCCCCATTCTTTGTGAGGGGCCGGGCGCCATGTCTGGGGCGCCATATTGGGGGGCGCCATATTGGGGGGCG	T	A	TCTTACCCGC	42005057
8hpi	2	SRR1523671.27483835	ICP0	ICP0	ICP0	HSV1	-	124054	123313	123290	-23	forward	41	GTGGGTGCTGATTGACGCGGGAAATCCCCCCCCCATTCTTCTGTGAGGGGCCGGGCGCCATGTCTGGGGCGCCATATTGGGGGGCGCCATATTGGGGGGCG	T	C	CTTACCCGCC	42005057
8hpi	2	SRR1523671.33686781	ICP0	ICP0	ICP0	HSV1	-	124054	123314	123290	-24	forward	29	TTGACGCGGGAAATCCCCCCCCCATTCTTTGTGAGGGGCCGGGCGCCATGTCTGGGGCGCCATATTGGGGGGCGCCATATTGGGGGGCGCCATGTTGGGGG	T	A	TCTTACCCGC	42005057
8hpi	2	SRR1523671.5677524	ICP0	ICP0	ICP0	HSV1	-	124054	123314	123290	-24	forward	48	GGGAACTCGTGGGTGCTGATTGACGCGGGAAATCCCCCCCCCATTCTTTGTGAGGGGCCGGGCGCCATGTCTGGGGCGCCATATTGGGGGGCGCCATATTG	T	A	TCTTACCCGC	42005057
8hpi	2	SRR1523671.8772916	ICP0	ICP0	ICP0	HSV1	-	124054	123314	123290	-24	reverse	47	TGGCGCCCCCCAATATGGCGCCCCAGACATGGCGCCCGGCCCCTCACAAAGAATGGGGGGGGGATTTCCCGCGTCAATCAGCACCCACGAGTTCCCCCTCT	T	A	TCTTACCCGC	42005057
8hpi	2	SRR1523671.12912215	ICP0	ICP0	ICP0	HSV1	-	124054	123315	123290	-25	forward	34	TGCTGATTGACGCGGGAAATCCCCCCCCCATTCTTGTGAGGGGCCGGGCGCCATGTCTGGGGCGCCATATTGGGGGGCGCCATATTGGGGGGCGCCATGTT	T	T	TTCTTACCCG	42005057
8hpi	2	SRR1523671.13779439	ICP0	ICP0	ICP0	HSV1	-	124054	123314	123290	-24	forward	55	GGAGAGGGGGAACTCGTGGGTGCTGATTGACGCGGGAAATCCCCCCCCCATTCTTTGTGAGGGGCCGGGCGCCATGTCTGGGGCGCCATATTGGGGGGCGC	T	A	TCTTACCCGC	42005057
8hpi	2	SRR1523671.14952653	ICP0	ICP0	ICP0	HSV1	-	124054	123314	123290	-24	forward	50	GGGGGAACTCGTGGGTGCTGATCGACGCGGGAAATCCCCCCCCCATTCTTTGTGAGGGGCCGGGCGCCATGTCTGGGGCGCCATATTGGGGGGCGCCATAT	T	A	TCTTACCCGC	42005057
8hpi	2	SRR1523671.14963193	ICP0	ICP0	ICP0	HSV1	-	124054	123315	123290	-25	forward	35	GTGCTGATTGACGCGGGAAATCCCCCCCCCATTCTTGTGAGGGGCCGGGCGCCATGTCTGGGGCGCCATATTGGGGGGCGCCATATTGGGGGGCGCCATGT	T	T	TTCTTACCCG	42005057
8hpi	2	SRR1523671.18529067	ICP0	ICP0	ICP0	HSV1	-	124054	123314	123290	-24	reverse	39	CCCAATATGGCGCCCCAGACATGGCGCCCGGCCCCTCACAAAGAATGGGGGGGGGGATTTCCCGCGTCAATCAGCACCCACGAGTTCCCCCTCTCCCCCCC	T	A	TCTTACCCGC	42005057
8hpi	2	SRR1523671.21187824	ICP0	ICP0	ICP0	HSV1	-	124054	123314	123290	-24	forward	49	GGGGGAACTCGTGGGTGCTGATTGACGCGGGAAATCCCCCCCCATTCTTTGTGAGGGGCCGGGCGCCATGTCTGGGGCGCCATATTGGGGGGCGCCATATT	T	A	TCTTACCCGC	42005057
8hpi	2	SRR1523671.5135806	ICP0	ICP0	ICP0	HSV1	-	124054	123314	123290	-24	forward	59	GGGGGGAGAGGGGGAACTCGTGGGTGCTGATTGACGCGGGAAATCCCCCCCCCATTCTTTGTGAGGGGCCGGGCGCCATGTCTGGGGCGCCATATTGGGGG	T	A	TCTTACCCGC	42005057
8hpi	2	SRR1523671.19853353	ICP0	ICP0	ICP0	HSV1	-	124054	123314	123290	-24	reverse	37	CAATATGGCGCCCCAGACATGGCGCCCGGCCCCTCACAAAGAATGGGGGGGGGATTTCCCGCGTCAATCAGCACCCACGAGTTCCCCCTCTCCCCCCCCCG	T	A	TCTTACCCGC	42005057
8hpi	2	SRR1523671.24979914	ICP0	ICP0	ICP0	HSV1	-	124054	123314	123290	-24	forward	53	AGAGGGGGAACTCGTGGGTGCTGATTGACGCGGGAAATCCCCCCCCCATTCTTTGTGAGGGGCCGGGCGCCATGTCTGGGGCGCCATATTGGGGGGCGCCA	T	A	TCTTACCCGC	42005057
8hpi	2	SRR1523671.25318318	ICP0	ICP0	ICP0	HSV1	-	124054	123314	123290	-24	reverse	25	CCAGACATGGCGCCCGGCCCCTCACAAAGAATGGGGGGGGGATTTCCCGCGTCAATCAGCACCCACGAGTTCCCCCTCTCCCCCCCCCGCCTCACAAAGTC	T	A	TCTTACCCGC	42005057
8hpi	2	SRR1523671.26103705	ICP0	ICP0	ICP0	HSV1	-	124054	123314	123290	-24	forward	58	GGGGGAGAGGGGGAACTCGTGGGTGCTGATTGACGCGGGAAATCCCCCCCCCATTCTTTGTGAGGGGCCGGGCGCCATGTCTGGGGCGCCATATTGGGGGG	T	A	TCTTACCCGC	42005057
8hpi	2	SRR1523671.26812152	ICP0	ICP0	ICP0	HSV1	-	124054	123314	123290	-24	forward	48	GGGAACTCGTGGGTGCTGATTGACGCGGGAAATCCCCCCCCCATTCTTTGTGAGGGGCCGGGCGCCATGTCTGGGGCGCCATATTGGGGGCGCCATATTGG	T	A	TCTTACCCGC	42005057
8hpi	2	SRR1523671.29113834	ICP0	ICP0	ICP0	HSV1	-	124054	123314	123290	-24	forward	21	GGGAAATCCCCCCCCATTCTTTGTGAGGGGCCGGGCGCCATGTCTGGGGCGCCATATTGGGGGGCGCCATATTGGGGGGCGCCATGTTGGGGGACCCCCGA	T	A	TCTTACCCGC	42005057
8hpi	2	SRR1523671.10674734	ICP0	ICP0	ICP0	HSV1	-	124054	123314	123290	-24	forward	56	GGGAGAGGGGGAACTCGTGGGTGCTGATTGACGCGGGAAATCCCCCCCCCATTCTTTGTGAGGGGCCGGGCGCCATGTCTGGGGCGCCATATTGGGGGGCG	T	A	TCTTACCCGC	42005057
8hpi	2	SRR1523671.24962668	ICP0	ICP0	ICP0	HSV1	-	124054	123314	123290	-24	forward	50	GGGGGAACTCGTGGGTGCTGATTGACGCGGGAAATCCCCCCCCCATTCTTTGTGAGGGGCCGGGCGCCATGTCTGGGGCGCCATATTGGGGGGCGCCATAT	T	A	TCTTACCCGC	42005057
8hpi	2	SRR1523671.28609517	ICP0	ICP0	ICP0	HSV1	-	124054	123315	123290	-25	forward	58	GGGGGGAGAGGGGGAACTCGTGGGTGCTGATTGACGCGGGAAATCCCCCCCCCATTCTTGTGAGGGGCCGGGCGCCATGTCTGGGGCGCCATATTGGGGGG	T	T	TTCTTACCCG	42005057
8hpi	2	SRR1523671.32872025	ICP0	ICP0	ICP0	HSV1	-	124054	123315	123290	-25	forward	48	GGGGAACTCGTGGGTGCTGATTGACGCGGGAAATCCCCCCCCCATTCTTGTGAGGGGCCGGGCGCCATGTCTGGGGCGCCATATTGGGGGGCGCCATATTG	T	T	TTCTTACCCG	42005057
8hpi	2	SRR1523671.8438515	ICP0	ICP0	ICP0	HSV1	-	124054	123314	123290	-24	forward	79	GCAGGACTTTGTGAGGCGGGGGGGGGAGAGGGGGAACTCGTGGGGGCTGATTGACGCGGGAAATCCCCCCCCCATTCTTTGTGAGGGGCCGGGCGCCATGT	T	A	TCTTACCCGC	42005057
8hpi	2	SRR1523671.9281664	ICP0	ICP0	ICP0	HSV1	-	124054	123314	123290	-24	forward	42	CTCGTGGGTGCTGATTGACGCGGGAAATCCCCCCCCATTCTTTGTGAGGGGCCGGGCGCCATGTCTGGGGCGCCATATTGGGGGGCGCCATATTGGGGGGC	T	A	TCTTACCCGC	42005057
8hpi	2	SRR1523671.18382561	ICP0	ICP0	ICP0	HSV1	-	124054	123314	123290	-24	forward	60	GGGGGGGGAGAGGGGGAACTCGTGGGTGCTGATTGACGCGGGAAATCCCCCCCCATTCTTTGTGAGGGGCCGGGCGCCATGTCTGGGGCGCCATATTGGGG	T	A	TCTTACCCGC	42005057
8hpi	2	SRR1523671.2181134	ICP0	ICP0	ICP0	HSV1	-	124054	123314	123290	-24	reverse	37	CAATATGGCGCCCCAGACATGGCGCCCGGCCCCTCACAAAGAATGGGGGGGGGATTTCCCGCGTCAATCAGCACCCACGAGTTCCCCCTCTCCCCCCCCCG	T	A	TCTTACCCGC	42005057
8hpi	2	SRR1523671.29582960	ICP0	ICP0	ICP0	HSV1	-	124054	123314	123290	-24	forward	49	GGGGAACTCGTGGGTGCTGATTGACGCGGGAAATCCCCCCCCCATTCTTTGTGAGGGGCCGGGCGCCATGTCTGGGGCGCCATATTGGGAGATCGGAAGAG	T	A	TCTTACCCGC	42005057
8hpi	2	SRR1523671.35917054	ICP0	ICP0	ICP0	HSV1	-	124054	123314	123290	-24	forward	31	GATTGACGCGGGAAATCCCCCCCCCATTCTTTGTGAGGGGCCGGGCGCCATGTCTGGGGCGCCATATTGGGGGGCGCCATATTGGGGGGCGCCATGTTGGG	T	A	TCTTACCCGC	42005057
8hpi	2	SRR1523671.3859446	ICP0	ICP0	ICP0	HSV1	-	124054	123314	123290	-24	forward	48	GGGAACTCGTGGGTGCTGATTGACGCGGGAAATCCCCCCCCCATTCTTTGTGAGGGGCCGGGCGCCATGTCTGGGGCGCCATATTGGGGGGCGCCATATTG	T	A	TCTTACCCGC	42005057
8hpi	2	SRR1523671.5623381	ICP0	ICP0	ICP0	HSV1	-	124054	123314	123290	-24	forward	49	GGGGAACTCGTGGGGGCTGATTGACGCGGGAAATCCCCCCCCCATTCTTTGTGAGGGGCCGGGCGCCATGTCTGGGGCGCCATATTGGGGGGCGCCATATT	T	A	TCTTACCCGC	42005057
8hpi	2	SRR1523671.9429109	ICP0	ICP0	ICP0	HSV1	-	124054	123314	123290	-24	forward	49	GGGGAACTCGTGGGTGCTGATTGACGCGGGAAATCCCCCCCCCATTCTTTGTGAGGGGCCGGGCGCCATGTCTGGGGCGCCATATTGGGGGGCGCCATATT	T	A	TCTTACCCGC	42005057
